id,retweet_count,favorite_count,retweeted,lang
892420643555336193,8853,39467,False,en
892177421306343426,6514,33819,False,en
891815181378084864,4328,25461,False,en
891689557279858688,8964,42908,False,en
891327558926688256,9774,41048,False,en
891087950875897856,3261,20562,False,en
890971913173991426,2158,12041,False,en
890729181411237888,16716,56848,False,en
890609185150312448,4429,28226,False,en
890240255349198849,7711,32467,False,en
890006608113172480,7624,31166,False,en
889880896479866881,5156,28268,False,en
889665388333682689,8538,38818,False,en
889638837579907072,4735,27672,False,en
889531135344209921,2321,15359,False,en
889278841981685760,5637,25652,False,en
888917238123831296,4709,29611,False,en
888804989199671297,4559,26080,False,en
888554962724278272,3732,20290,False,en
888078434458587136,3653,22201,False,en
887705289381826560,5609,30779,False,en
887517139158093824,12082,46959,False,en
887473957103951883,18781,69871,False,en
887343217045368832,10737,34222,False,en
887101392804085760,6167,31061,False,en
886983233522544640,8084,35859,False,en
886736880519319552,3443,12306,False,en
886680336477933568,4610,22798,False,en
886366144734445568,3316,21524,False,en
886267009285017600,4,117,False,en
886258384151887873,6523,28469,False,en
886054160059072513,108,0,False,und
885984800019947520,7097,33382,False,en
885528943205470208,6683,36689,False,en
885518971528720385,3899,20788,False,en
885311592912609280,19297,0,False,en
885167619883638784,4556,22367,False,en
884925521741709313,16439,68152,False,en
884876753390489601,6096,28514,False,en
884562892145688576,5100,24765,False,en
884441805382717440,5856,27478,False,en
884247878851493888,21298,74423,False,en
884162670584377345,3128,20771,False,en
883838122936631299,3586,22349,False,en
883482846933004288,10407,46860,False,en
883360690899218434,3825,22986,False,en
883117836046086144,6949,37914,False,en
882992080364220416,4122,24445,False,en
882762694511734784,5134,28903,False,en
882627270321602560,6342,28382,False,en
882268110199369728,12118,45880,False,en
882045870035918850,5203,29900,False,en
881906580714921986,3533,24773,False,en
881666595344535552,11099,51522,False,en
881633300179243008,7,129,False,en
881536004380872706,16570,50199,False,en
881268444196462592,5358,23501,False,en
880935762899988482,2886,17346,False,en
880872448815771648,3989,21734,False,en
880465832366813184,6546,29075,False,en
880221127280381952,4436,27640,False,en
880095782870896641,4533,28150,False,en
879862464715927552,3642,22667,False,en
879674319642796034,10,315,False,en
879492040517615616,3323,23822,False,en
879415818425184262,45849,107956,False,en
879376492567855104,3261,17099,False,en
879130579576475649,7181,0,False,en
879050749262655488,4941,23022,False,en
879008229531029506,2812,19317,False,en
878776093423087618,4319,19763,False,en
878604707211726852,7582,30931,False,en
878404777348136964,1349,0,False,en
878316110768087041,6965,0,False,en
878281511006478336,1349,7913,False,en
878057613040115712,7181,42876,False,en
877736472329191424,17300,71144,False,en
877611172832227328,83,0,False,en
877556246731214848,3994,23258,False,en
877316821321428993,5414,27907,False,en
877201837425926144,5880,27755,False,en
876838120628539392,3506,21125,False,en
876537666061221889,4800,23869,False,en
876484053909872640,2511,19163,False,en
876120275196170240,4903,28490,False,en
875747767867523072,4497,25773,False,en
875144289856114688,5081,22185,False,en
875097192612077568,6342,27997,False,en
875021211251597312,4922,26022,False,en
874680097055178752,4875,28439,False,en
874434818259525634,15546,0,False,en
874296783580663808,4308,26651,False,en
874057562936811520,4125,23134,False,en
874012996292530176,11007,35501,False,en
873697596434513921,12518,0,False,en
873580283840344065,4143,24837,False,en
873337748698140672,1667,0,False,en
873213775632977920,1667,7467,False,en
872967104147763200,5669,28031,False,en
872820683541237760,3884,15029,False,en
872668790621863937,31,0,False,en
872620804844003328,3911,21309,False,en
872486979161796608,9429,41606,False,en
872261713294495745,6649,35085,False,en
872122724285648897,8549,35324,False,en
871879754684805121,11918,39090,False,en
871762521631449091,3678,20787,False,en
871515927908634625,3628,20730,False,en
871166179821445120,5991,0,False,en
871102520638267392,5764,21461,False,en
871032628920680449,3999,23255,False,en
870804317367881728,6393,33791,False,en
870726314365509632,3,121,False,en
870656317836468226,2817,12819,False,en
870374049280663552,27680,85011,False,en
870308999962521604,4384,22453,False,en
870063196459192321,8840,37771,False,en
869988702071779329,25661,0,False,en
869772420881756160,10663,43710,False,en
869702957897576449,6728,29116,False,en
869596645499047938,3327,16476,False,en
869227993411051520,4023,21112,False,en
868880397819494401,12518,55098,False,en
868639477480148993,2240,0,False,en
868622495443632128,6275,28295,False,en
868552278524837888,2240,10539,False,en
867900495410671616,4439,24964,False,en
867774946302451713,7788,35179,False,en
867421006826221569,2697,16755,False,en
867072653475098625,135,0,False,en
867051520902168576,8425,33420,False,en
866816280283807744,32883,0,False,en
866720684873056260,5168,20888,False,en
866686824827068416,3727,20070,False,en
866450705531457537,32883,106827,False,en
866334964761202691,15546,54720,False,en
866094527597207552,8952,0,False,en
865718153858494464,6008,26640,False,en
865359393868664832,5384,27530,False,en
865006731092295680,8209,29063,False,en
864873206498414592,9361,33651,False,en
864279568663928832,3266,15195,False,en
864197398364647424,9616,31459,False,en
863907417377173506,4441,21477,False,en
863553081350529029,4489,15935,False,en
863471782782697472,2687,0,False,en
863432100342583297,5664,24829,False,en
863427515083354112,105,2363,False,en
863079547188785154,1195,9094,False,en
863062471531167744,2687,8945,False,en
862831371563274240,5457,20011,False,en
862722525377298433,3809,17779,False,en
862457590147678208,5388,21492,False,en
862096992088072192,21840,66437,False,en
861769973181624320,37911,0,False,en
861383897657036800,11528,37744,False,en
861288531465048066,4479,18032,False,en
861005113778896900,4119,17538,False,en
860981674716409858,2334,0,False,en
860924035999428608,882,0,False,en
860563773140209665,2334,7878,False,en
860524505164394496,5698,24678,False,en
860276583193509888,3745,19154,False,en
860184849394610176,6295,17474,False,en
860177593139703809,33421,0,False,in
859924526012018688,4349,20021,False,en
859851578198683649,3780,16105,False,en
859607811541651456,1704,19476,False,en
859196978902773760,25661,75193,False,en
859074603037188101,14740,35553,False,en
858860390427611136,8805,0,False,en
858843525470990336,3771,16304,False,en
858471635011153920,5271,22640,False,en
858107933456039936,3154,16524,False,en
857989990357356544,2812,16952,False,en
857746408056729600,11524,36021,False,en
857393404942143489,1785,6236,False,en
857263160327368704,4934,21041,False,en
857214891891077121,20,242,False,en
857062103051644929,183,0,False,en
857029823797047296,4364,19910,False,en
856602993587888130,11633,0,False,en
856543823941562368,3131,17135,False,en
856526610513747968,2068,12446,False,en
856330835276025856,731,0,False,en
856288084350160898,17,545,False,en
856282028240666624,6841,29086,False,en
855862651834028034,27,320,False,en
855860136149123072,1058,4407,False,en
855857698524602368,2313,12498,False,en
855851453814013952,19196,47844,False,en
855818117272018944,5943,28056,False,en
855459453768019968,8987,31657,False,en
855245323840757760,6568,0,False,en
855138241867124737,50,0,False,en
854732716440526848,6690,24188,False,en
854482394044301312,7608,31131,False,en
854365224396361728,5159,20046,False,en
854120357044912130,8285,33911,False,en
854010172552949760,3433,17169,False,en
853760880890318849,6403,30414,False,en
853639147608842240,11265,37198,False,en
853299958564483072,3928,16508,False,en
852936405516943360,2243,0,False,en
852912242202992640,2037,9658,False,en
852672615818899456,2388,15939,False,en
852553447878664193,3885,17492,False,en
852311364735569921,10961,35325,False,en
852226086759018497,7570,21378,False,en
852189679701164033,1741,12217,False,en
851953902622658560,10706,0,False,en
851861385021730816,23,0,False,en
851591660324737024,3819,17300,False,en
851464819735769094,7855,25944,False,en
851224888060895234,6350,22090,False,en
850753642995093505,10352,33348,False,en
850380195714523136,2915,13994,False,en
850333567704068097,367,3647,False,en
850145622816686080,4244,17519,False,en
850019790995546112,5459,21944,False,en
849776966551130114,8404,32390,False,en
849668094696017920,5513,0,False,en
849412302885593088,3487,17039,False,en
849336543269576704,2101,12240,False,en
849051919805034497,7396,32617,False,en
848690551926992896,4826,27104,False,en
848324959059550208,4037,20229,False,en
848213670039564288,832,8834,False,en
848212111729840128,3444,17618,False,en
847978865427394560,3652,0,False,en
847971574464610304,482,0,False,en
847962785489326080,5730,25296,False,en
847842811428974592,1522,5935,False,en
847617282490613760,468,7558,False,en
847606175596138505,3774,20208,False,en
847251039262605312,4800,22036,False,en
847157206088847362,6572,21588,False,en
847116187444137987,3583,23108,False,en
846874817362120707,4404,21685,False,en
846514051647705089,13076,48410,False,en
846505985330044928,3492,15304,False,en
846153765933735936,10226,34394,False,en
846139713627017216,10972,33188,False,en
846042936437604353,3224,17256,False,en
845812042753855489,9894,31737,False,en
845677943972139009,5365,27154,False,en
845459076796616705,15071,0,False,en
845397057150107648,2072,8241,False,en
845306882940190720,6039,25225,False,en
845098359547420673,8640,0,False,en
844979544864018432,2909,14738,False,en
844973813909606400,3617,16361,False,en
844704788403113984,11633,42022,False,en
844580511645339650,3533,17871,False,en
844223788422217728,2450,14753,False,en
843981021012017153,3285,16327,False,en
843856843873095681,5220,23211,False,en
843604394117681152,3081,18310,False,en
843235543001513987,6852,23315,False,en
842892208864923648,56625,0,False,en
842846295480000512,4023,16440,False,en
842765311967449089,1439,7321,False,en
842535590457499648,3937,19637,False,en
842163532590374912,6568,26569,False,en
842115215311396866,3386,15204,False,en
841833993020538882,17504,0,False,en
841680585030541313,8748,27854,False,en
841439858740625411,4168,13755,False,en
841320156043304961,6080,21402,False,en
841314665196081154,5312,17305,False,en
841077006473256960,5991,24926,False,en
840761248237133825,1972,0,False,en
840728873075638272,18285,0,False,en
840698636975636481,3,197,False,en
840696689258311684,1116,13377,False,en
840632337062862849,1972,9761,False,en
840370681858686976,5146,17918,False,en
840268004936019968,6497,20950,False,en
839990271299457024,2597,14640,False,en
839549326359670784,8805,29957,False,en
839290600511926273,158,0,False,en
839239871831150596,7422,29684,False,en
838952994649550848,4505,21289,False,en
838921590096166913,2357,12183,False,en
838916489579200512,38,0,False,en
838831947270979586,12643,0,False,en
838561493054533637,1504,11892,False,en
838476387338051585,5484,24664,False,en
838201503651401729,11525,0,False,en
838150277551247360,370,1824,False,und
838085839343206401,0,150,False,en
838083903487373313,3582,19183,False,en
837820167694528512,8952,37277,False,en
837482249356513284,495,4204,False,en
837471256429613056,2631,13967,False,en
837366284874571778,6005,23074,False,en
837110210464448512,2731,17480,False,en
837012587749474308,88,0,False,en
836989968035819520,2610,13879,False,en
836753516572119041,5237,21029,False,en
836677758902222849,2522,13782,False,en
836648853927522308,626,0,False,en
836397794269200385,31314,0,False,en
836380477523124226,3337,16037,False,en
836260088725786625,4850,23177,False,en
836001077879255040,4935,20924,False,en
835685285446955009,9327,0,False,en
835574547218894849,4121,19447,False,en
835536468978302976,1939,0,False,en
835309094223372289,24013,0,False,en
835297930240217089,3381,17847,False,en
835264098648616962,1939,8503,False,en
835246439529840640,83,2259,False,en
835172783151792128,6516,28552,False,en
835152434251116546,3443,24574,False,en
834931633769889797,1878,11838,False,en
834786237630337024,6159,22943,False,en
834574053763584002,2882,14993,False,en
834477809192075265,12224,0,False,en
834458053273591808,1899,10512,False,en
834209720923721728,5476,22594,False,en
834167344700198914,4130,17194,False,en
834089966724603904,2427,10971,False,en
834086379323871233,2512,14296,False,en
833863086058651648,2729,14661,False,en
833826103416520705,3904,16728,False,en
833732339549220864,251,0,False,en
833722901757046785,3636,22585,False,en
833479644947025920,2357,16258,False,en
833124694597443584,5513,22133,False,en
832998151111966721,2522,14549,False,en
832769181346996225,43,0,False,en
832757312314028032,4127,18423,False,en
832682457690300417,3368,13017,False,en
832645525019123713,594,3195,False,en
832636094638288896,3220,17379,False,en
832397543355072512,2548,13126,False,en
832369877331693569,3652,18792,False,en
832273440279240704,2673,12385,False,en
832215909146226688,7069,0,False,en
832215726631055365,10723,0,False,en
832088576586297345,3,72,False,en
832040443403784192,11131,0,False,en
832032802820481025,4746,13887,False,en
831939777352105988,7031,26404,False,en
831926988323639298,39,369,False,en
831911600680497154,7458,30380,False,en
831670449226514432,2059,11469,False,en
831650051525054464,2243,7908,False,en
831552930092285952,2632,9872,False,en
831322785565769729,1744,10042,False,en
831315979191906304,1264,7117,False,en
831309418084069378,2786,12819,False,en
831262627380748289,2350,13066,False,en
830956169170665475,1735,8735,False,en
830583320585068544,19297,73397,False,en
830173239259324417,6554,0,False,en
830097400375152640,3455,10804,False,en
829878982036299777,5757,0,False,en
829861396166877184,2243,13441,False,en
829501995190984704,12224,34913,False,en
829449946868879360,2329,11519,False,en
829374341691346946,10706,38074,False,en
829141528400556032,8530,26952,False,en
829011960981237760,18627,58302,False,en
828801551087042563,3901,0,False,en
828770345708580865,6746,28085,False,en
828708714936930305,12882,40241,False,en
828650029636317184,1544,10467,False,en
828409743546925057,1305,6898,False,en
828408677031882754,1477,8398,False,en
828381636999917570,2554,13864,False,en
828376505180889089,1216,8112,False,en
828372645993398273,3344,13756,False,en
828361771580813312,195,2408,False,en
828046555563323392,3260,12923,False,en
828011680017821696,2451,11411,False,en
827933404142436356,5987,22180,False,en
827653905312006145,3433,16983,False,en
827600520311402496,1082,8143,False,en
827324948884643840,3510,17523,False,en
827228250799742977,13517,0,False,en
827199976799354881,2579,11659,False,en
826958653328592898,5757,23767,False,en
826848821049180160,11878,40325,False,en
826615380357632002,4521,0,False,en
826598799820865537,292,5637,False,en
826598365270007810,2709,11117,False,en
826476773533745153,4821,20275,False,en
826240494070030336,2965,14614,False,en
826204788643753985,1075,5361,False,en
826115272272650244,3599,17299,False,en
825876512159186944,2146,11525,False,en
825829644528148480,2848,14025,False,en
825535076884762624,19669,56413,False,en
825147591692263424,5244,20181,False,en
825120256414846976,1483,0,False,en
825026590719483904,1483,7020,False,en
824796380199809024,6288,0,False,en
824775126675836928,4069,16508,False,en
824663926340194305,1993,11113,False,en
824325613288833024,11848,12999,False,en
824297048279236611,4463,16625,False,en
824025158776213504,679,5255,False,en
823939628516474880,3123,11755,False,en
823719002937630720,12953,0,False,en
823699002998870016,2772,13826,False,en
823581115634085888,3031,14376,False,en
823333489516937216,31,777,False,und
823322678127919110,4637,17437,False,en
823269594223824897,11421,0,False,en
822975315408461824,3958,19139,False,en
822872901745569793,48265,132810,False,en
822859134160621569,2622,14576,False,en
822647212903690241,7390,0,False,en
822610361945911296,3423,16327,False,en
822489057087389700,7390,20083,False,en
822462944365645825,17209,31800,False,en
822244816520155136,11421,38832,False,en
822163064745328640,5571,0,False,en
821886076407029760,2692,12582,False,en
821813639212650496,3839,0,False,en
821765923262631936,1899,9317,False,en
821522889702862852,2030,8871,False,en
821421320206483457,6470,0,False,en
821407182352777218,5053,13075,False,en
821153421864615936,10,280,False,en
821149554670182400,2320,9718,False,en
821107785811234820,2487,10645,False,en
821044531881721856,2636,14021,False,en
820837357901512704,7733,0,False,en
820749716845686786,11525,34984,False,en
820690176645140481,3716,13518,False,en
820494788566847489,648,0,False,en
820446719150292993,2980,0,False,en
820314633777061888,648,3706,False,en
820078625395449857,7246,21979,False,en
820013781606658049,1369,0,False,en
819952236453363712,1369,5927,False,en
819924195358416896,5607,14305,False,en
819711362133872643,3604,14916,False,en
819588359383371776,2271,10606,False,en
819347104292290561,1383,8008,False,en
819238181065359361,462,2550,False,en
819227688460238848,7733,25652,False,en
819015337530290176,42228,0,False,en
819015331746349057,21794,0,False,en
819006400881917954,21794,49960,False,en
819004803107983360,42228,95450,False,en
818646164899774465,24069,0,False,en
818627210458333184,8564,24597,False,en
818614493328580609,2982,10971,False,en
818588835076603904,7126,0,False,en
818536468981415936,2873,12127,False,en
818307523543449600,9366,0,False,en
818259473185828864,2621,12197,False,en
818145370475810820,3014,13671,False,en
817908911860748288,906,5356,False,en
817827839487737858,31314,57622,False,en
817777686764523521,3084,11901,False,en
817536400337801217,3505,13105,False,en
817502432452313088,3917,0,False,en
817423860136083457,17504,38260,False,en
817415592588222464,1131,6267,False,en
817181837579653120,9907,0,False,en
817171292965273600,2326,9690,False,en
817120970343411712,3011,13367,False,en
817056546584727552,1927,9517,False,en
816829038950027264,5496,0,False,en
816816676327063552,2361,11071,False,en
816697700272001025,2545,10905,False,en
816450570814898180,9366,33961,False,en
816336735214911488,2269,9564,False,en
816091915477250048,2500,9927,False,en
816062466425819140,1207,0,False,en
816014286006976512,6154,0,False,en
815990720817401858,1207,5545,False,en
815966073409433600,9907,25057,False,en
815745968457060357,4797,0,False,en
815736392542261248,2625,10937,False,en
815639385530101762,1918,9161,False,en
815390420867969024,4407,11467,False,en
814986499976527872,1505,8485,False,en
814638523311648768,3130,12511,False,en
814578408554463233,6750,0,False,en
814530161257443328,2156,9629,False,en
814153002265309185,10080,32000,False,en
813944609378369540,3732,0,False,en
813910438903693312,2194,10342,False,en
813812741911748608,16267,40402,False,en
813800681631023104,2060,9300,False,en
813217897535406080,8476,20783,False,en
813202720496779264,2090,10192,False,en
813187593374461952,5096,22085,False,en
813172488309972993,2236,10384,False,en
813157409116065792,2557,8588,False,en
813142292504645637,2728,9361,False,en
813130366689148928,513,4968,False,en
813127251579564032,3652,13242,False,en
813112105746448384,3225,11515,False,en
813096984823349248,4207,11694,False,en
813081950185472002,3220,10989,False,en
813066809284972545,2276,8865,False,en
813051746834595840,8503,23337,False,en
812781120811126785,2191,8380,False,en
812747805718642688,8067,0,False,en
812709060537683968,1665,7373,False,en
812503143955202048,1424,6787,False,en
812466873996607488,2231,8900,False,en
812372279581671427,4252,15224,False,en
811985624773361665,1647,8102,False,en
811744202451197953,1884,8429,False,en
811647686436880384,872,6215,False,en
811627233043480576,3650,14265,False,en
811386762094317568,7444,23302,False,en
810984652412424192,1655,5927,False,en
810896069567610880,2090,10093,False,en
810657578271330305,3057,12192,False,en
810284430598270976,13369,39640,False,en
810254108431155201,3901,16380,False,en
809920764300447744,4521,17250,False,en
809808892968534016,5711,0,False,en
809448704142938112,1696,7727,False,en
809220051211603969,6554,22246,False,en
809084759137812480,4046,14685,False,en
808838249661788160,3536,11271,False,en
808733504066486276,2509,8784,False,en
808501579447930884,3007,12595,False,en
808344865868283904,24069,47281,False,en
808134635716833280,6961,0,False,en
808106460588765185,2525,9701,False,en
808001312164028416,4098,14015,False,en
807621403335917568,4288,16236,False,en
807106840509214720,56625,107015,False,en
807059379405148160,8521,0,False,en
807010152071229440,4418,14514,False,en
806629075125202948,37911,75639,False,en
806620845233815552,6426,0,False,en
806576416489959424,2230,5370,False,en
806542213899489280,2752,11363,False,en
806242860592926720,13616,0,False,en
806219024703037440,1388,7145,False,en
805958939288408065,6238,0,False,en
805932879469572096,2209,9178,False,en
805826884734976000,2132,7335,False,en
805823200554876929,9374,0,False,en
805520635690676224,1905,6368,False,en
805487436403003392,2929,9773,False,en
805207613751304193,1972,8680,False,en
804738756058218496,4480,15326,False,en
804475857670639616,2355,6886,False,en
804413760345620481,3712,0,False,en
804026241225523202,18876,49774,False,en
803773340896923648,3220,11203,False,en
803692223237865472,8689,0,False,en
803638050916102144,4828,12270,False,en
803380650405482500,2169,8601,False,en
803321560782307329,6221,0,False,en
803276597545603072,2887,11207,False,en
802952499103731712,2336,10085,False,en
802624713319034886,3403,0,False,en
802600418706604034,1714,7938,False,en
802572683846291456,2926,9959,False,en
802323869084381190,6808,18124,False,en
802265048156610565,1573,7039,False,en
802247111496568832,5247,0,False,en
802239329049477120,3040,10132,False,en
802185808107208704,314,0,False,en
801958328846974976,1992,8608,False,en
801854953262350336,275,1958,False,en
801538201127157760,2391,9141,False,en
801285448605831168,960,6802,False,en
801167903437357056,6961,27386,False,en
801127390143516673,4627,0,False,en
801115127852503040,2429,8992,False,en
800859414831898624,113,778,False,en
800855607700029440,1889,0,False,en
800751577355128832,3214,11701,False,en
800513324630806528,3495,14685,False,en
800459316964663297,2489,10538,False,en
800443802682937345,5068,0,False,en
800388270626521089,3265,12456,False,en
800188575492947969,4581,0,False,en
800141422401830912,2980,17092,False,en
800018252395122689,15351,31768,False,en
799774291445383169,5488,0,False,en
799757965289017345,2506,9390,False,en
799422933579902976,2213,8965,False,en
799308762079035393,6478,0,False,en
799297110730567681,3227,11065,False,en
799063482566066176,2863,9058,False,en
798933969379225600,5203,14712,False,en
798925684722855936,1663,8246,False,en
798705661114773508,7724,0,False,en
798701998996647937,9126,0,False,en
798697898615730177,7602,0,False,en
798694562394996736,5812,0,False,en
798686750113755136,2702,0,False,en
798682547630837760,5515,0,False,en
798673117451325440,6485,0,False,en
798665375516884993,4519,0,False,en
798644042770751489,2153,0,False,en
798628517273620480,2272,0,False,en
798585098161549313,6618,0,False,en
798576900688019456,6871,0,False,en
798340744599797760,3924,0,False,en
798209839306514432,2954,11548,False,en
797971864723324932,3652,13018,False,en
797545162159308800,5656,16198,False,en
797236660651966464,7726,22328,False,en
797165961484890113,32,256,False,en
796904159865868288,10411,0,False,en
796865951799083009,2198,8564,False,en
796759840936919040,3562,13256,False,en
796563435802726400,8536,0,False,en
796484825502875648,2042,8472,False,en
796387464403357696,4861,12334,False,en
796177847564038144,16628,0,False,en
796149749086875649,16628,36177,False,en
796125600683540480,2079,5511,False,und
796116448414461957,2813,10139,False,en
796080075804475393,2703,9469,False,en
796031486298386433,4284,12071,False,en
795464331001561088,27728,55683,False,en
795400264262053889,3323,11270,False,en
795076730285391872,6288,18139,False,en
794983741416415232,3942,0,False,en
794926597468000259,2697,11492,False,en
794355576146903043,12014,0,False,en
794332329137291264,3088,10686,False,en
794205286408003585,3895,10314,False,en
793962221541933056,5711,18910,False,en
793845145112371200,2187,10295,False,en
793614319594401792,3661,0,False,en
793601777308463104,1908,8926,False,en
793500921481273345,2786,11953,False,en
793286476301799424,10723,27597,False,en
793271401113350145,2763,9677,False,en
793256262322548741,9714,22350,False,en
793241302385262592,3812,11780,False,en
793226087023144960,3338,11001,False,en
793210959003287553,3301,9997,False,en
793195938047070209,6547,17063,False,en
793180763617361921,2310,7740,False,en
793165685325201412,3238,10478,False,en
793150605191548928,1984,6909,False,en
793135492858580992,2893,7214,False,en
793120401413079041,4551,14202,False,en
792913359805018113,4715,16063,False,en
792883833364439040,4964,12666,False,en
792773781206999040,1963,8209,False,en
792394556390137856,4998,15128,False,en
792050063153438720,2088,8029,False,en
791821351946420224,24514,0,False,en
791784077045166082,11271,0,False,en
791780927877898241,4432,0,False,en
791774931465953280,21156,37818,False,en
791672322847637504,3661,13129,False,en
791406955684368384,4797,14670,False,en
791312159183634433,2963,9841,False,en
791026214425268224,4858,0,False,en
790987426131050500,2483,11089,False,en
790946055508652032,5496,18601,False,en
790723298204217344,2704,0,False,en
790698755171364864,2203,9158,False,en
790581949425475584,8183,22473,False,en
790337589677002753,2167,8740,False,en
790277117346975746,3732,14081,False,en
790227638568808452,4190,0,False,en
789986466051088384,2704,10369,False,en
789960241177853952,4839,0,False,en
789903600034189313,4858,11673,False,en
789628658055020548,2080,8448,False,en
789599242079838210,2279,7620,False,en
789530877013393408,3942,13188,False,en
789314372632018944,2666,9615,False,en
789280767834746880,5747,0,False,en
789268448748703744,3014,10196,False,en
789137962068021249,3244,10875,False,en
788908386943430656,14409,30653,False,en
788765914992902144,12014,30658,False,en
788552643979468800,8407,0,False,en
788412144018661376,5990,16060,False,en
788178268662984705,2488,8100,False,en
788150585577050112,1510,6865,False,en
788070120937619456,3952,0,False,en
788039637453406209,1535,6867,False,en
787810552592695296,3540,9717,False,en
787717603741622272,3240,11416,False,en
787397959788929025,3300,12120,False,en
787322443945877504,2032,8726,False,en
787111942498508800,7798,0,False,en
786963064373534720,9327,29725,False,en
786729988674449408,2827,0,False,en
786709082849828864,7069,20296,False,en
786664955043049472,2996,11957,False,en
786595970293370880,3601,10497,False,en
786363235746385920,4072,12189,False,en
786286427768250368,3352,8930,False,en
786233965241827333,5571,17178,False,en
786051337297522688,179,1614,False,en
786036967502913536,8237,0,False,en
785927819176054784,3652,12696,False,en
785872687017132033,2130,7489,False,en
785639753186217984,2561,8735,False,en
785533386513321988,2334,10183,False,en
785515384317313025,1477,6800,False,en
785264754247995392,1911,8128,False,en
785170936622350336,5639,13491,False,en
784826020293709826,3712,11310,False,en
784517518371221505,2970,10039,False,en
784431430411685888,1491,6329,False,en
784183165795655680,9374,22513,False,en
784057939640352768,12953,33505,False,en
783839966405230592,12643,33689,False,en
783821107061198850,2269,8209,False,en
783695101801398276,3737,11650,False,en
783466772167098368,2608,9468,False,en
783391753726550016,6441,18908,False,en
783347506784731136,6533,0,False,en
783334639985389568,13616,32651,False,en
783085703974514689,2565,9112,False,en
782969140009107456,8521,26949,False,en
782747134529531904,1604,8310,False,en
782722598790725632,6238,19250,False,en
782598640137187329,2184,8694,False,en
782305867769217024,6470,18630,False,en
782021823840026624,7236,0,False,en
781955203444699136,3920,12357,False,en
781661882474196992,3129,11634,False,en
781655249211752448,1314,4466,False,en
781524693396357120,6426,23163,False,en
781308096455073793,2961,7973,False,en
781251288990355457,2458,9428,False,en
781163403222056960,3168,10895,False,en
780931614150983680,8536,24192,False,en
780858289093574656,2328,8033,False,en
780800785462489090,1505,6141,False,en
780601303617732608,3839,13525,False,en
780543529827336192,2032,7040,False,en
780496263422808064,4319,0,False,en
780476555013349377,136,0,False,en
780459368902959104,1224,5892,False,en
780192070812196864,2589,9712,False,en
780092040432480260,2655,0,False,en
780074436359819264,5815,13723,False,en
779834332596887552,8237,21252,False,en
779377524342161408,3613,9831,False,en
779124354206535695,21324,0,False,en
779123168116150273,4207,13206,False,en
779056095788752897,5247,16500,False,en
778990705243029504,8437,22342,False,en
778774459159379968,11550,0,False,en
778764940568104960,426,955,False,en
778748913645780993,1562,7717,False,en
778650543019483137,1729,6430,False,en
778624900596654080,1176,5177,False,en
778408200802557953,5023,15135,False,en
778396591732486144,14198,0,False,en
778383385161035776,1271,6515,False,en
778286810187399168,3836,11576,False,en
778039087836069888,3065,9417,False,en
778027034220126208,1885,7320,False,en
777953400541634568,4080,0,False,en
777885040357281792,1893,7078,False,en
777684233540206592,3403,12518,False,en
777641927919427584,4947,0,False,en
777621514455814149,2910,9742,False,en
777189768882946048,4999,15921,False,en
776819012571455488,15839,0,False,en
776813020089548800,1405,5444,False,en
776477788987613185,3249,9858,False,en
776249906839351296,10673,0,False,en
776218204058357768,18497,33345,False,en
776201521193218049,2919,10681,False,en
776113305656188928,5068,13102,False,en
776088319444877312,179,2045,False,en
775898661951791106,17621,0,False,en
775842724423557120,3116,13022,False,en
775733305207554048,4627,15413,False,en
775729183532220416,5302,14361,False,en
775364825476165632,3472,8295,False,en
775350846108426240,4532,11309,False,en
775096608509886464,9220,0,False,en
775085132600442880,5488,17281,False,en
774757898236878852,2035,9462,False,en
774639387460112384,2013,7508,False,en
774314403806253056,6478,24167,False,en
773985732834758656,4492,11925,False,en
773922284943896577,1999,7110,False,en
773704687002451968,1891,7317,False,en
773670353721753600,1501,5935,False,en
773547596996571136,7126,24553,False,en
773336787167145985,5912,0,False,en
773308824254029826,8640,25846,False,en
773247561583001600,3699,10414,False,en
773191612633579521,4736,11117,False,en
772877495989305348,4501,9555,False,en
772826264096874500,2669,8842,False,en
772615324260794368,3914,0,False,en
772581559778025472,1968,7192,False,en
772193107915964416,1612,6665,False,en
772152991789019136,1300,4181,False,en
772117678702071809,848,4165,False,en
772114945936949249,546,3005,False,en
772102971039580160,1065,4448,False,en
771908950375665664,2181,7298,False,en
771770456517009408,3924,13356,False,en
771500966810099713,3018,9167,False,en
771380798096281600,5912,11746,False,en
771171053431250945,8705,0,False,en
771136648247640064,3357,10223,False,en
771102124360998913,1663,6898,False,en
771014301343748096,1782,7032,False,en
770787852854652928,1415,5498,False,en
770772759874076672,1626,5749,False,en
770743923962707968,52360,0,False,en
770655142660169732,2013,8130,False,en
770414278348247044,2390,6987,False,en
770293558247038976,1718,6923,False,en
770093767776997377,3520,0,False,en
770069151037685760,2651,8385,False,en
769940425801170949,11131,34948,False,en
769695466921623552,1926,7101,False,en
769335591808995329,8830,0,False,en
769212283578875904,1969,5980,False,en
768970937022709760,7574,16017,False,en
768909767477751808,3129,0,False,en
768855141948723200,1034,4660,False,en
768609597686943744,1382,4580,False,en
768596291618299904,1473,5592,False,en
768554158521745409,6719,0,False,en
768473857036525572,3958,15110,False,en
768193404517830656,4080,12157,False,en
767884188863397888,1634,5309,False,en
767754930266464257,6221,17814,False,en
767500508068192258,2688,8295,False,en
767191397493538821,4406,13643,False,en
767122157629476866,3261,11227,False,en
766864461642756096,6521,0,False,en
766793450729734144,1565,5650,False,en
766714921925144576,438,2872,False,en
766693177336135680,918,4484,False,en
766423258543644672,1825,6671,False,en
766313316352462849,2166,7493,False,en
766078092750233600,2970,0,False,en
766069199026450432,1003,4765,False,en
766008592277377025,571,4149,False,en
765719909049503744,2475,8021,False,en
765669560888528897,1407,5760,False,en
765395769549590528,3127,20539,False,en
765371061932261376,2475,7842,False,en
765222098633691136,3914,12902,False,en
764857477905154048,2029,7099,False,en
764259802650378240,1745,6718,False,en
763956972077010945,61,812,False,en
763837565564780549,4858,14041,False,en
763183847194451968,1702,6004,False,en
763167063695355904,3484,0,False,en
763103485927849985,2602,8163,False,en
762699858130116608,4190,13518,False,en
762471784394268675,7612,12571,False,en
762464539388485633,4839,11503,False,en
762316489655476224,1298,5350,False,en
762035686371364864,17919,35400,False,en
761976711479193600,2310,5992,False,en
761750502866649088,4535,0,False,en
761745352076779520,979,4707,False,en
761672994376806400,33421,55016,False,in
761599872357261312,1336,4578,False,en
761371037149827077,20500,0,False,en
761334018830917632,1669,5792,False,en
761292947749015552,1265,4957,False,en
761227390836215808,1775,5908,False,en
761004547850530816,3952,12482,False,en
760893934457552897,1104,4228,False,en
760656994973933572,2210,7343,False,en
760641137271070720,1481,5485,False,en
760539183865880579,4168,8399,False,en
760521673607086080,1608,4681,False,en
760290219849637889,13140,29618,False,en
760252756032651264,995,4338,False,en
760190180481531904,2079,6334,False,en
760153949710192640,38,0,False,en
759943073749200896,2382,6581,False,en
759923798737051648,6521,16284,False,en
759846353224826880,2265,7433,False,en
759793422261743616,2173,6620,False,en
759566828574212096,24319,0,False,en
759557299618865152,1341,5202,False,en
759447681597108224,2827,9418,False,en
759446261539934208,561,1846,False,en
759197388317847553,2221,6725,False,en
759159934323924993,1359,0,False,en
759099523532779520,4813,16101,False,en
759047813560868866,2302,7227,False,en
758854675097526272,1027,3904,False,en
758828659922702336,4376,12376,False,en
758740312047005698,1824,6339,False,en
758474966123810816,1132,4227,False,en
758467244762497024,2539,5316,False,en
758405701903519748,2204,5756,False,en
758355060040593408,1245,3797,False,en
758099635764359168,11550,21302,False,en
758041019896193024,433,3001,False,en
757741869644341248,3710,7613,False,en
757729163776290825,9299,0,False,en
757725642876129280,1391,5022,False,en
757611664640446465,1272,5026,False,en
757597904299253760,336,0,False,en
757596066325864448,1219,4808,False,en
757400162377592832,7759,16743,False,en
757393109802180609,2009,6462,False,en
757354760399941633,1637,4995,False,en
756998049151549440,2271,6923,False,en
756939218950160384,2295,7342,False,en
756651752796094464,1511,5612,False,en
756526248105566208,4169,11506,False,en
756303284449767430,1231,4359,False,en
756288534030475264,15071,28519,False,en
756275833623502848,1738,7114,False,en
755955933503782912,3285,8092,False,en
755206590534418437,6148,18212,False,en
755110668769038337,12621,23446,False,en
754874841593970688,9193,0,False,en
754856583969079297,2870,7616,False,en
754747087846248448,591,2854,False,en
754482103782404096,2220,5852,False,en
754449512966619136,846,4147,False,en
754120377874386944,2670,8655,False,en
754011816964026368,4079,9726,False,en
753655901052166144,2492,6458,False,en
753420520834629632,4071,8731,False,en
753398408988139520,2186,6384,False,en
753375668877008896,2655,8411,False,en
753298634498793472,6620,0,False,en
753294487569522689,1191,3758,False,en
753039830821511168,24013,41080,False,en
753026973505581056,1109,4283,False,en
752932432744185856,7798,13970,False,en
752917284578922496,1790,7592,False,en
752701944171524096,3291,0,False,en
752682090207055872,1846,6642,False,en
752660715232722944,1794,4878,False,en
752568224206688256,2605,6140,False,en
752519690950500352,3917,8157,False,en
752334515931054080,1263,4238,False,en
752309394570878976,18963,0,False,en
752173152931807232,2106,6569,False,en
751950017322246144,1060,3415,False,en
751937170840121344,1530,5770,False,en
751830394383790080,2227,6428,False,en
751793661361422336,3320,6479,False,en
751598357617971201,3440,8699,False,en
751583847268179968,1265,4849,False,en
751538714308972544,1445,5547,False,en
751456908746354688,1127,3516,False,en
751251247299190784,6695,13791,False,en
751205363882532864,2086,6948,False,en
751132876104687617,1480,5610,False,en
750868782890057730,1595,5306,False,en
750719632563142656,5747,14621,False,en
750506206503038976,1316,4934,False,en
750429297815552001,4947,14569,False,en
750383411068534784,1309,5005,False,en
750381685133418496,39,758,False,en
750147208377409536,1095,3409,False,en
750132105863102464,1440,3990,False,en
750117059602808832,1466,4740,False,en
750101899009982464,959,3344,False,en
750086836815486976,613,2383,False,en
750071704093859840,3802,8653,False,en
750056684286914561,1011,3444,False,en
750041628174217216,703,3502,False,en
750026558547456000,888,2986,False,en
750011400160841729,1035,3568,False,en
749996283729883136,919,3331,False,en
749981277374128128,2772,5569,False,en
749774190421639168,1493,5114,False,en
749417653287129088,1904,6721,False,en
749403093750648834,622,2892,False,eu
749395845976588288,3951,9488,False,en
749317047558017024,2509,6076,False,en
749075273010798592,2360,6353,False,en
749064354620928000,1714,5277,False,en
749036806121881602,896,3425,False,en
748977405889503236,3759,11235,False,en
748932637671223296,2564,6461,False,en
748705597323898880,1067,3047,False,en
748699167502000129,1814,5213,False,en
748692773788876800,1504,4659,False,en
748575535303884801,2272,6696,False,en
748568946752774144,776,2411,False,en
748346686624440324,1413,5735,False,en
748337862848962560,4701,8462,False,en
748324050481647620,867,4078,False,en
748307329658011649,810,4027,False,en
748220828303695873,8825,15549,False,en
747963614829678593,2444,6397,False,en
747933425676525569,2894,7310,False,en
747885874273214464,1116,3243,False,en
747844099428986880,851,3084,False,en
747816857231626240,1316,5346,False,en
747651430853525504,179,1520,False,en
747648653817413632,6614,14182,False,en
747600769478692864,619,2545,False,en
747594051852075008,1205,4065,False,en
747512671126323200,1803,6110,False,en
747461612269887489,1169,4249,False,en
747439450712596480,2184,5965,False,en
747242308580548608,3257,0,False,en
747219827526344708,1791,5792,False,en
747204161125646336,1038,3722,False,en
747103485104099331,4548,10534,False,en
746906459439529985,336,3168,False,en
746872823977771008,2429,6593,False,en
746818907684614144,1944,5807,False,en
746790600704425984,1806,5345,False,en
746757706116112384,4432,10520,False,en
746726898085036033,2037,6648,False,en
746542875601690625,2104,5520,False,en
746521445350707200,1110,0,False,en
746507379341139972,1226,5094,False,en
746369468511756288,1854,6637,False,en
746131877086527488,2511,7565,False,en
746056683365994496,931,3904,False,en
745789745784041472,1207,4437,False,en
745712589599014916,2636,7652,False,en
745433870967832576,2894,7824,False,en
745422732645535745,2768,9412,False,en
745314880350101504,3131,7863,False,en
745074613265149952,3976,8605,False,en
745057283344719872,2585,7945,False,en
744995568523612160,716,3277,False,en
744971049620602880,3042,8652,False,en
744709971296780288,1771,6150,False,en
744334592493166593,2412,7443,False,en
744234799360020481,79515,131075,False,en
744223424764059648,424,1868,False,en
743980027717509120,1231,4551,False,en
743895849529389061,1087,3999,False,en
743835915802583040,2387,0,False,en
743609206067040256,1560,4917,False,en
743595368194129920,7445,20275,False,en
743545585370791937,1066,3863,False,en
743510151680958465,4185,8671,False,en
743253157753532416,1366,4624,False,en
743222593470234624,2164,6792,False,en
743210557239623680,1560,4215,False,en
742534281772302336,4011,7744,False,en
742528092657332225,2245,4878,False,en
742465774154047488,4382,7916,False,en
742423170473463808,4319,10812,False,en
742385895052087300,2266,7457,False,en
742161199639494656,1547,4743,False,en
742150209887731712,1783,5661,False,en
741793263812808706,1698,4982,False,en
741743634094141440,3144,8945,False,en
741438259667034112,937,4026,False,en
741303864243200000,3650,9631,False,en
741099773336379392,6247,10997,False,en
741067306818797568,3520,10342,False,en
740995100998766593,3154,7018,False,en
740711788199743490,1062,3736,False,en
740699697422163968,888,3101,False,en
740676976021798912,7724,19881,False,en
740373189193256964,9220,20648,False,en
740365076218183684,495,2727,False,en
740359016048689152,967,3610,False,en
740214038584557568,2220,7335,False,en
739979191639244800,6719,21898,False,en
739932936087216128,1217,4443,False,en
739844404073074688,966,4138,False,en
739623569819336705,1547,4185,False,en
739606147276148736,1876,5897,False,en
739544079319588864,24319,43694,False,en
739485634323156992,3309,7887,False,en
739238157791694849,52360,75163,False,en
738891149612572673,6,115,False,und
738885046782832640,1283,4127,False,en
738883359779196928,917,3661,False,en
738537504001953792,1759,5575,False,en
738402415918125056,955,3599,False,en
738184450748633089,1360,4727,False,en
738166403467907072,3828,9635,False,en
738156290900254721,748,2768,False,en
737826014890496000,2006,5757,False,en
737800304142471168,3904,10943,False,en
737678689543020544,1509,5528,False,en
737445876994609152,5048,11302,False,en
737322739594330112,907,3953,False,en
737310737551491075,8329,16040,False,en
736736130620620800,1972,4736,False,en
736392552031657984,8407,19450,False,en
736365877722001409,1408,4367,False,en
736225175608430592,3115,8901,False,en
736010884653420544,3355,8652,False,en
735991953473572864,1283,3934,False,en
735648611367784448,1237,4397,False,en
735635087207878657,2659,6776,False,en
735274964362878976,4707,9629,False,en
735256018284875776,993,3675,False,en
735137028879360001,1092,3428,False,en
734912297295085568,572,2993,False,en
734787690684657664,7102,13745,False,en
734776360183431168,608,2742,False,en
734559631394082816,451,1646,False,en
733828123016450049,881,3926,False,en
733822306246479872,1141,4015,False,en
733482008106668032,1065,3438,False,en
733460102733135873,1451,4605,False,en
733109485275860992,17621,44619,False,en
732732193018155009,599,2671,False,en
732726085725589504,1003,3855,False,en
732585889486888962,868,4016,False,en
732375214819057664,2838,8832,False,en
732005617171337216,6154,16324,False,en
731285275100512256,1090,3798,False,en
731156023742988288,1434,4196,False,en
730924654643314689,2234,6682,False,en
730573383004487680,2435,5407,False,en
730427201120833536,1176,3809,False,en
730211855403241472,1182,4180,False,en
730196704625098752,2172,5339,False,en
729854734790754305,1268,4396,False,en
729838605770891264,431,1856,False,en
729823566028484608,1390,4358,False,en
729463711119904772,2586,6340,False,en
729113531270991872,370,2054,False,en
728986383096946689,917,3460,False,en
728760639972315136,1911,5090,False,en
728751179681943552,757,3032,False,en
728653952833728512,1169,3620,False,en
728409960103686147,2269,5383,False,en
728387165835677696,1075,3999,False,en
728046963732717569,1328,4722,False,en
728035342121635841,1872,4953,False,en
728015554473250816,1219,4479,False,en
727685679342333952,720,3206,False,en
727644517743104000,1962,6431,False,en
727524757080539137,1379,4900,False,en
727314416056803329,834,3623,False,en
727286334147182592,920,3324,False,en
727175381690781696,1540,4209,False,en
727155742655025152,1490,3983,False,en
726935089318363137,2738,7496,False,en
726887082820554753,1677,4195,False,en
726828223124897792,1124,3882,False,en
726224900189511680,1302,4811,False,en
725842289046749185,2970,7691,False,en
725786712245440512,1527,4537,False,en
725729321944506368,2009,5646,False,en
725458796924002305,703,1541,False,en
724983749226668032,1462,4040,False,en
724771698126512129,725,2593,False,en
724405726123311104,1847,5800,False,en
724049859469295616,1984,4738,False,en
724046343203856385,620,2901,False,en
724004602748780546,1790,4561,False,en
723912936180330496,1374,4236,False,en
723688335806480385,3347,8435,False,en
723673163800948736,1011,3291,False,en
723179728551723008,2110,5761,False,en
722974582966214656,1764,4493,False,en
722613351520608256,1831,5393,False,en
721503162398597120,2124,5086,False,en
721001180231503872,686,2748,False,en
720785406564900865,866,3400,False,en
720775346191278080,760,2702,False,en
720415127506415616,1681,4503,False,en
720389942216527872,2840,6974,False,en
720340705894408192,1098,3131,False,en
720059472081784833,1268,4229,False,en
720043174954147842,2253,5332,False,en
719991154352222208,1979,5281,False,en
719704490224398336,1645,4974,False,en
719551379208073216,2192,5515,False,en
719367763014393856,827,3022,False,en
719339463458033665,1403,4822,False,en
719332531645071360,1078,3711,False,en
718971898235854848,1231,3818,False,en
718939241951195136,1973,5720,False,en
718631497683582976,9126,20697,False,en
718613305783398402,542,2669,False,en
718540630683709445,1137,2730,False,en
718460005985447936,602,2846,False,en
718454725339934721,1685,5320,False,en
718246886998687744,565,2115,False,en
718234618122661888,1127,4217,False,en
717841801130979328,670,2660,False,en
717790033953034240,1272,3170,False,en
717537687239008257,2069,6281,False,en
717428917016076293,510,1748,False,en
717421804990701568,945,3446,False,en
717047459982213120,2135,6826,False,en
717009362452090881,1102,3583,False,en
716802964044845056,1317,4627,False,en
716791146589110272,1474,5204,False,en
716730379797970944,475,1339,False,en
716447146686459905,6643,14327,False,en
716439118184652801,247,2574,False,en
716285507865542656,1225,3041,False,en
716080869887381504,1935,5272,False,en
715928423106027520,987,3485,False,en
715758151270801409,1596,4085,False,en
715733265223708672,1920,5093,False,en
715704790270025728,634,3055,False,en
715696743237730304,1454,4257,False,en
715680795826982913,1813,4719,False,en
715360349751484417,1772,5955,False,en
715342466308784130,768,3294,False,en
715220193576927233,736,2630,False,en
715200624753819648,2110,5578,False,en
715009755312439296,1392,4550,False,en
714982300363173890,1166,4094,False,en
714962719905021952,4816,8028,False,en
714957620017307648,1595,4503,False,en
714631576617938945,1122,3571,False,en
714606013974974464,1038,3938,False,en
714485234495041536,1313,2962,False,en
714258258790387713,808,3281,False,en
714251586676113411,940,3570,False,en
714214115368108032,990,2480,False,en
714141408463036416,1569,4673,False,en
713919462244790272,869,3564,False,en
713909862279876608,616,2078,False,en
713900603437621249,829,3062,False,en
713761197720473600,1541,5308,False,en
713411074226274305,1440,4802,False,en
713177543487135744,3183,7854,False,en
713175907180089344,1630,4851,False,en
712809025985978368,7602,20378,False,en
712717840512598017,5616,13474,False,en
712668654853337088,1367,4531,False,en
712438159032893441,1756,5799,False,en
712309440758808576,26,269,False,en
712097430750289920,1172,4144,False,en
712092745624633345,1016,3211,False,en
712085617388212225,556,3531,False,en
712065007010385924,700,2451,False,en
711998809858043904,138,0,False,en
711968124745228288,2601,8776,False,en
711743778164514816,1101,3095,False,en
711732680602345472,4653,9756,False,en
711694788429553666,20500,35865,False,en
711652651650457602,1037,4228,False,en
711363825979756544,1287,3996,False,en
711306686208872448,819,3596,False,en
711008018775851008,710,3275,False,en
710997087345876993,1561,4960,False,en
710844581445812225,779,2775,False,en
710833117892898816,606,2937,False,en
710658690886586372,636,2529,False,en
710609963652087808,2624,5227,False,en
710588934686908417,2107,4968,False,en
710296729921429505,833,2574,False,en
710283270106132480,580,2308,False,en
710272297844797440,1425,4945,False,en
710269109699739648,1257,2613,False,en
710153181850935296,1006,3153,False,en
710140971284037632,1008,3017,False,en
710117014656950272,2233,5999,False,en
709918798883774466,1215,3250,False,en
709901256215666688,112,732,False,en
709852847387627521,1336,3824,False,en
709566166965075968,1367,3865,False,en
709556954897764353,1204,3593,False,en
709519240576036864,277,1620,False,en
709449600415961088,665,2420,False,en
709409458133323776,788,2855,False,en
709225125749587968,647,2615,False,en
709207347839836162,6567,13755,False,en
709198395643068416,721,2634,False,en
709179584944730112,763,2213,False,en
709158332880297985,470,2236,False,en
709042156699303936,1864,5197,False,en
708853462201716736,745,1941,False,en
708845821941387268,1015,3226,False,en
708834316713893888,571,1860,False,en
708810915978854401,7848,18036,False,en
708738143638450176,917,2997,False,en
708711088997666817,834,2790,False,en
708479650088034305,765,2768,False,en
708469915515297792,926,3357,False,en
708400866336894977,11330,17516,False,en
708356463048204288,1520,3929,False,en
708349470027751425,831,2568,False,en
708149363256774660,1727,4672,False,en
708130923141795840,943,3707,False,en
708119489313951744,1102,2937,False,en
708109389455101952,610,2124,False,en
708026248782585858,2166,4799,False,en
707995814724026368,1273,3385,False,en
707983188426153984,2,52,False,en
707969809498152960,1097,2941,False,en
707776935007539200,1079,3593,False,en
707741517457260545,696,2718,False,en
707738799544082433,2785,4495,False,en
707693576495472641,1133,3765,False,en
707629649552134146,997,2834,False,en
707610948723478529,7236,18557,False,en
707420581654872064,789,2499,False,en
707411934438625280,673,2486,False,en
707387676719185920,1490,3835,False,en
707377100785885184,1214,3603,False,en
707315916783140866,727,2698,False,en
707297311098011648,903,3022,False,en
707059547140169728,759,2796,False,en
707038192327901184,900,2404,False,en
707021089608753152,1540,4433,False,en
707014260413456384,664,2502,False,en
706904523814649856,8830,15961,False,en
706901761596989440,680,2264,False,en
706681918348251136,1103,3627,False,en
706644897839910912,1224,2814,False,en
706593038911545345,718,2363,False,en
706538006853918722,1580,3778,False,en
706516534877929472,1150,3404,False,en
706346369204748288,1035,3768,False,en
706310011488698368,9034,23443,False,en
706291001778950144,522,1861,False,en
706265994973601792,1030,2979,False,en
706169069255446529,2511,4291,False,en
706166467411222528,1819,5636,False,en
706153300320784384,437,1632,False,en
705975130514706432,842,3397,False,en
705970349788291072,1008,3440,False,en
705898680587526145,643,2597,False,en
705786532653883392,596,2132,False,en
705591895322394625,1308,3475,False,en
705475953783398401,1045,3231,False,en
705442520700944385,1859,4877,False,en
705428427625635840,1931,4188,False,en
705239209544720384,854,3290,False,en
705223444686888960,900,2829,False,en
705102439679201280,585,2342,False,en
705066031337840642,683,2378,False,en
704871453724954624,1245,4585,False,en
704859558691414016,612,2462,False,en
704847917308362754,1727,5594,False,en
704819833553219584,1136,2906,False,en
704761120771465216,3257,7283,False,en
704499785726889984,1124,3212,False,en
704491224099647488,97,840,False,es
704480331685040129,1197,3723,False,en
704364645503647744,3999,8804,False,en
704347321748819968,393,1729,False,en
704134088924532736,519,1653,False,en
704113298707505153,629,2031,False,en
704054845121142784,1028,3201,False,en
703774238772166656,526,2020,False,en
703769065844768768,1276,3621,False,en
703631701117943808,772,2853,False,en
703611486317502464,1709,4229,False,en
703425003149250560,1559,4162,False,en
703407252292673536,786,2685,False,en
703382836347330562,1285,3837,False,en
703356393781329922,429,2085,False,en
703268521220972544,618,2152,False,en
703079050210877440,3494,8064,False,en
703041949650034688,14198,28996,False,en
702932127499816960,811,2825,False,en
702899151802126337,509,1772,False,en
702684942141153280,1215,3516,False,en
702671118226825216,634,2398,False,en
702598099714314240,3712,11332,False,en
702539513671897089,1091,3134,False,en
702332542343577600,1755,3491,False,en
702321140488925184,1156,3604,False,en
702276748847800320,860,2706,False,en
702217446468493312,1526,5268,False,en
701981390485725185,1106,3755,False,en
701952816642965504,1149,4167,False,en
701889187134500865,1558,3905,False,en
701805642395348998,1900,3752,False,en
701601587219795968,523,2299,False,en
701570477911896070,1055,3080,False,en
701545186879471618,680,2902,False,en
701214700881756160,5812,13475,False,en
700890391244103680,653,2437,False,en
700864154249383937,685,2828,False,en
700847567345688576,558,2637,False,en
700796979434098688,1085,2669,False,en
700747788515020802,10673,25130,False,en
700518061187723268,915,2887,False,en
700505138482569216,646,2487,False,en
700462010979500032,2031,4537,False,en
700167517596164096,836,2903,False,en
700151421916807169,754,2450,False,en
700143752053182464,3129,8282,False,en
700062718104104960,778,2890,False,en
700029284593901568,661,2262,False,en
700002074055016451,1529,3627,False,en
699801817392291840,1088,3345,False,en
699788877217865730,557,2458,False,en
699779630832685056,1397,3039,False,en
699775878809702401,690,2150,False,en
699691744225525762,5174,11252,False,en
699446877801091073,2938,6515,False,en
699434518667751424,577,2384,False,en
699423671849451520,383,1505,False,en
699413908797464576,688,2258,False,en
699370870310113280,497,2053,False,en
699323444782047232,983,3466,False,en
699088579889332224,715,2451,False,en
699079609774645248,745,2677,False,en
699072405256409088,1325,3296,False,en
699060279947165696,2059,4173,False,en
699036661657767936,1345,2863,False,en
698989035503689728,1113,3701,False,en
698953797952008193,1020,2975,False,en
698907974262222848,699,2787,False,en
698710712454139905,774,2710,False,en
698703483621523456,425,1608,False,en
698635131305795584,388,1400,False,en
698549713696649216,704,2536,False,en
698355670425473025,516,2046,False,en
698342080612007937,1074,2485,False,en
698262614669991936,2268,5214,False,en
698195409219559425,6750,18408,False,en
698178924120031232,830,3084,False,en
697995514407682048,372,1665,False,en
697990423684476929,1451,3592,False,en
697943111201378304,776,2638,False,en
697881462549430272,1337,3313,False,en
697630435728322560,614,1909,False,en
697616773278015490,1144,3467,False,en
697596423848730625,1425,3306,False,en
697575480820686848,572,2250,False,en
697516214579523584,1282,2281,False,en
697482927769255936,765,2662,False,en
697463031882764288,1552,3748,False,en
697270446429966336,2087,5131,False,en
697259378236399616,1136,3611,False,en
697255105972801536,1315,3316,False,en
697242256848379904,751,2753,False,en
696900204696625153,1156,3492,False,en
696894894812565505,758,2594,False,en
696886256886657024,2016,5317,False,en
696877980375769088,802,2689,False,en
696754882863349760,396,1615,False,en
696744641916489729,1069,2293,False,en
696713835009417216,757,2613,False,en
696518437233913856,1887,4274,False,en
696490539101908992,170,1339,False,en
696488710901260288,1166,2788,False,en
696405997980676096,1284,3531,False,en
696100768806522880,750,2125,False,en
695816827381944320,1320,3287,False,en
695794761660297217,880,3490,False,en
695767669421768709,854,2060,False,en
695629776980148225,2377,5020,False,en
695446424020918272,2026,4787,False,en
695409464418041856,4017,9460,False,en
695314793360662529,1675,4004,False,en
695095422348574720,684,2888,False,en
695074328191332352,1239,3116,False,en
695064344191721472,685,1771,False,en
695051054296211456,885,2918,False,en
694925794720792577,1043,2965,False,en
694905863685980160,1053,3046,False,en
694669722378485760,13517,26068,False,en
694356675654983680,328,1653,False,en
694352839993344000,700,2244,False,en
694342028726001664,557,1727,False,en
694329668942569472,569,2203,False,en
694206574471057408,2297,4582,False,en
694183373896572928,1040,3236,False,en
694001791655137281,1176,3705,False,en
693993230313091072,457,2044,False,en
693942351086120961,413,1896,False,en
693647888581312512,673,2961,False,en
693644216740769793,150,1473,False,en
693642232151285760,472,2790,False,en
693629975228977152,894,2685,False,en
693622659251335168,422,1691,False,en
693590843962331137,2233,5565,False,en
693582294167244802,292,1802,False,en
693486665285931008,698,1941,False,en
693280720173801472,1403,3669,False,en
693267061318012928,925,2622,False,en
693262851218264065,568,2459,False,en
693231807727280129,841,3133,False,en
693155686491000832,3622,8668,False,en
693109034023534592,695,1889,False,en
693095443459342336,523,2056,False,en
692919143163629568,838,2926,False,en
692905862751522816,998,2683,False,en
692901601640583168,682,1971,False,en
692894228850999298,910,2511,False,en
692828166163931137,998,3148,False,en
692752401762250755,4124,7496,False,en
692568918515392513,1737,4739,False,en
692535307825213440,1529,3504,False,en
692530551048294401,474,2021,False,en
692423280028966913,265,1618,False,en
692417313023332352,3917,10275,False,en
692187005137076224,929,2768,False,en
692158366030913536,896,2369,False,en
692142790915014657,438,1798,False,en
692041934689402880,1424,3724,False,en
692017291282812928,1081,3153,False,en
691820333922455552,1860,4329,False,en
691793053716221953,4732,8910,False,en
691756958957883396,1161,3179,False,en
691675652215414786,577,2116,False,en
691483041324204033,656,2608,False,en
691459709405118465,1294,4449,False,en
691444869282295808,955,2890,False,en
691416866452082688,8689,21253,False,en
691321916024623104,747,2828,False,en
691096613310316544,1019,3253,False,en
691090071332753408,385,1867,False,en
690989312272396288,3282,6513,False,en
690959652130045952,1421,3902,False,en
690938899477221376,2245,4536,False,en
690932576555528194,1143,3602,False,en
690735892932222976,1442,4134,False,en
690728923253055490,597,2384,False,en
690690673629138944,898,2547,False,en
690649993829576704,325,1435,False,en
690607260360429569,19,313,False,und
690597161306841088,681,2163,False,en
690400367696297985,509,2041,False,en
690374419777196032,972,3560,False,en
690360449368465409,1006,2925,False,en
690348396616552449,573,1644,False,en
690248561355657216,477,1845,False,en
690021994562220032,1180,3056,False,en
690015576308211712,836,2740,False,en
690005060500217858,1907,4004,False,en
689999384604450816,424,1561,False,en
689993469801164801,518,1618,False,en
689977555533848577,502,1490,False,en
689905486972461056,787,2651,False,en
689877686181715968,1344,3323,False,en
689835978131935233,850,2369,False,en
689661964914655233,1052,3501,False,en
689659372465688576,4412,11394,False,en
689623661272240129,748,2467,False,en
689599056876867584,6265,12795,False,en
689557536375177216,519,2257,False,en
689517482558820352,1609,3735,False,en
689289219123089408,1056,2476,False,en
689283819090870273,1250,3624,False,en
689280876073582592,819,2197,False,en
689275259254616065,285,1273,False,en
689255633275777024,1212,2805,False,en
689154315265683456,1128,3348,False,en
689143371370250240,579,2232,False,en
688916208532455424,983,3003,False,en
688908934925697024,874,2310,False,en
688898160958271489,890,2307,False,en
688894073864884227,792,2462,False,en
688828561667567616,420,1508,False,en
688804835492233216,227,1043,False,en
688789766343622656,759,2434,False,en
688547210804498433,789,2862,False,en
688519176466644993,825,2520,False,en
688385280030670848,5035,10180,False,en
688211956440801280,937,2426,False,en
688179443353796608,669,2328,False,en
688116655151435777,888,3093,False,en
688064179421470721,408,1878,False,en
687841446767013888,2872,6009,False,en
687826841265172480,1292,2989,False,en
687818504314159109,1080,2758,False,en
687807801670897665,801,2625,False,en
687732144991551489,750,1935,False,en
687704180304273409,950,2660,False,en
687664829264453632,576,2121,False,en
687494652870668288,654,2104,False,en
687480748861947905,281,1760,False,en
687476254459715584,619,2187,False,en
687460506001633280,614,2243,False,en
687399393394311168,702,2081,False,en
687317306314240000,10411,22073,False,en
687312378585812992,2146,4777,False,en
687127927494963200,2591,6004,False,en
687124485711986689,577,2371,False,en
687109925361856513,2803,6370,False,en
687102708889812993,1124,2571,False,en
687096057537363968,695,2449,False,en
686947101016735744,3582,9433,False,en
686760001961103360,1551,3852,False,en
686749460672679938,1666,3812,False,en
686730991906516992,1350,4543,False,en
686683045143953408,912,3072,False,en
686618349602762752,1544,4042,False,en
686606069955735556,607,2071,False,en
686394059078897668,769,1928,False,en
686386521809772549,996,3553,False,en
686377065986265092,637,2433,False,en
686358356425093120,776,2398,False,en
686286779679375361,1887,4392,False,en
686050296934563840,836,2420,False,en
686035780142297088,138,1274,False,en
686034024800862208,1324,3424,False,en
686007916130873345,472,2704,False,en
686003207160610816,735,2009,False,en
685973236358713344,611,2326,False,en
685943807276412928,696,1801,False,en
685906723014619143,3303,8277,False,en
685681090388975616,140,2069,False,en
685667379192414208,666,2579,False,en
685663452032069632,1656,3557,False,en
685641971164143616,885,3218,False,en
685547936038666240,17465,35052,False,en
685532292383666176,1298,3336,False,en
685325112850124800,4535,10471,False,en
685321586178670592,735,2910,False,en
685315239903100929,1234,3676,False,en
685307451701334016,496,2262,False,en
685268753634967552,1371,3419,False,en
685198997565345792,764,2566,False,en
685169283572338688,1620,4489,False,en
684969860808454144,421,2374,False,en
684959798585110529,3487,7004,False,en
684940049151070208,1191,3523,False,en
684926975086034944,552,3849,False,en
684914660081053696,1662,3848,False,en
684902183876321280,605,2053,False,en
684880619965411328,936,2305,False,en
684830982659280897,24514,38551,False,en
684800227459624960,1124,2979,False,en
684594889858887680,4016,9843,False,en
684588130326986752,1592,4489,False,en
684567543613382656,1418,3312,False,en
684538444857667585,1085,2915,False,en
684481074559381504,1320,4249,False,en
684460069371654144,628,2169,False,en
684241637099323392,3727,8999,False,en
684225744407494656,239,1369,False,en
684222868335505415,1563,4225,False,en
684200372118904832,1177,2394,False,en
684195085588783105,595,2108,False,en
684188786104872960,1343,3831,False,en
684177701129875456,764,2215,False,en
684147889187209216,1703,3265,False,en
684122891630342144,539,2176,False,en
684097758874210310,1621,4515,False,en
683857920510050305,1262,4163,False,en
683852578183077888,397,2111,False,en
683849932751646720,1116,2896,False,en
683834909291606017,1265,2880,False,en
683828599284170753,1195,3053,False,en
683773439333797890,1533,3684,False,en
683742671509258241,3781,7162,False,en
683515932363329536,3291,8058,False,en
683498322573824003,1095,3469,False,en
683481228088049664,1118,2878,False,en
683462770029932544,761,2676,False,en
683449695444799489,1837,4290,False,en
683391852557561860,2702,8356,False,en
683357973142474752,1059,3238,False,en
683142553609318400,1173,3162,False,en
683111407806746624,1034,3736,False,en
683098815881154561,736,2361,False,nl
683078886620553216,634,2176,False,en
683030066213818368,832,2370,False,en
682962037429899265,15043,26239,False,en
682808988178739200,210,1953,False,en
682788441537560576,1258,2706,False,en
682750546109968385,494,1674,False,en
682697186228989953,397,1440,False,in
682662431982772225,1207,3326,False,en
682638830361513985,675,2266,False,en
682429480204398592,1320,3769,False,en
682406705142087680,2019,8319,False,en
682393905736888321,773,2441,False,en
682389078323662849,518,1828,False,en
682303737705140231,1135,3389,False,en
682259524040966145,1375,4578,False,en
682242692827447297,1341,3566,False,en
682088079302213632,11271,20108,False,en
682059653698686977,1915,5442,False,en
682047327939461121,1088,3525,False,en
682032003584274432,2294,7223,False,en
682003177596559360,1722,3464,False,en
681981167097122816,1161,3043,False,en
681891461017812993,951,2706,False,en
681694085539872773,4581,14010,False,en
681679526984871937,499,1923,False,en
681654059175129088,1045,2903,False,en
681610798867845120,533,2100,False,en
681579835668455424,1489,3893,False,en
681523177663676416,6620,15749,False,en
681340665377193984,313,1803,False,en
681339448655802368,4598,10202,False,en
681320187870711809,863,2918,False,en
681302363064414209,2072,4347,False,en
681297372102656000,1091,3490,False,en
681281657291280384,1258,3520,False,en
681261549936340994,308,1597,False,en
681242418453299201,624,1645,False,en
681231109724700672,540,2629,False,en
681193455364796417,1691,4077,False,en
680970795137544192,749,2665,False,en
680959110691590145,2243,4986,False,en
680940246314430465,1225,3544,False,en
680934982542561280,497,2285,False,en
680913438424612864,705,2609,False,en
680889648562991104,418,1945,False,en
680836378243002368,1513,3766,False,en
680805554198020098,751,2370,False,en
680801747103793152,925,2600,False,en
680798457301471234,1182,3134,False,en
680609293079592961,816,2906,False,en
680583894916304897,1514,3939,False,en
680497766108381184,2162,4639,False,en
680494726643068929,542,1879,False,en
680473011644985345,844,2778,False,en
680440374763077632,564,1583,False,en
680221482581123072,329,1598,False,en
680206703334408192,1323,3115,False,en
680191257256136705,577,2356,False,en
680176173301628928,1760,4263,False,en
680161097740095489,828,2538,False,en
680145970311643136,1972,3955,False,en
680130881361686529,1078,2519,False,en
680115823365742593,1028,2972,False,en
680100725817409536,1554,3891,False,en
680085611152338944,10034,13959,False,en
680070545539371008,994,2818,False,en
680055455951884288,8067,18278,False,en
679877062409191424,726,2155,False,en
679872969355714560,749,2365,False,en
679862121895714818,706,2678,False,en
679854723806179328,1402,3143,False,en
679844490799091713,887,2593,False,en
679828447187857408,15839,39726,False,en
679777920601223168,1281,3390,False,en
679736210798047232,918,2311,False,en
679729593985699840,937,2367,False,en
679722016581222400,539,1817,False,en
679530280114372609,2347,5208,False,en
679527802031484928,823,2892,False,en
679511351870550016,1461,3711,False,en
679503373272485890,1673,3484,False,en
679475951516934144,728,2304,False,en
679462823135686656,21324,34856,False,en
679405845277462528,1364,2594,False,en
679158373988876288,9193,23568,False,en
679148763231985668,1163,3028,False,en
679132435750195208,1314,3253,False,en
679111216690831360,2893,6514,False,en
679062614270468097,9299,18712,False,en
679047485189439488,781,2460,False,en
679001094530465792,1378,3075,False,en
678991772295516161,1333,2537,False,en
678969228704284672,528,1796,False,en
678800283649069056,1018,2810,False,en
678798276842360832,1350,3804,False,en
678774928607469569,1043,3037,False,en
678767140346941444,1553,3864,False,en
678764513869611008,544,1788,False,en
678755239630127104,3741,7802,False,en
678740035362037760,1926,4099,False,en
678708137298427904,2753,6082,False,en
678675843183484930,1680,3155,False,en
678643457146150913,489,2250,False,en
678446151570427904,1785,4358,False,en
678424312106393600,2880,5916,False,en
678410210315247616,2072,4640,False,en
678399652199309312,30742,61794,False,en
678396796259975168,478,1731,False,en
678389028614488064,473,2044,False,en
678380236862578688,1020,2655,False,en
678341075375947776,612,1896,False,en
678334497360859136,304,1427,False,en
678278586130948096,6857,12531,False,en
678255464182861824,418,1726,False,en
678023323247357953,439,2095,False,en
678021115718029313,7148,15018,False,en
677961670166224897,1879,3701,False,en
677918531514703872,463,1476,False,en
677895101218201600,2384,5275,False,en
677716515794329600,1104,3323,False,en
677700003327029250,1622,3689,False,en
677698403548192770,363,1332,False,en
677687604918272002,950,2681,False,en
677673981332312066,1677,3603,False,en
677662372920729601,1101,2134,False,en
677644091929329666,886,2040,False,en
677573743309385728,819,2322,False,en
677565715327688705,513,1409,False,en
677557565589463040,1322,2665,False,en
677547928504967168,4076,7568,False,en
677530072887205888,250,1161,False,en
677335745548390400,2017,3328,False,en
677334615166730240,328,1477,False,en
677331501395156992,265,1189,False,en
677328882937298944,1693,3938,False,en
677314812125323265,611,1799,False,en
677301033169788928,471,1362,False,en
677269281705472000,790,2164,False,en
677228873407442944,1840,3837,False,en
677187300187611136,1033,2981,False,en
676975532580409345,1203,3015,False,en
676957860086095872,907,2395,False,en
676949632774234114,448,1413,False,en
676948236477857792,980,2354,False,en
676946864479084545,426,1844,False,en
676942428000112642,855,2261,False,en
676936541936185344,5515,13809,False,en
676916996760600576,2002,3231,False,en
676897532954456065,817,2426,False,en
676864501615042560,808,2294,False,en
676821958043033607,17605,25124,False,en
676819651066732545,741,1957,False,en
676811746707918848,469,1536,False,en
676776431406465024,2249,5405,False,en
676617503762681856,1108,3149,False,en
676613908052996102,219,1183,False,en
676606785097199616,490,2039,False,en
676603393314578432,440,1280,False,en
676593408224403456,2410,4954,False,en
676590572941893632,142,1001,False,en
676588346097852417,896,2533,False,en
676582956622721024,312,1310,False,en
676575501977128964,1254,2807,False,en
676533798876651520,621,2025,False,en
676496375194980353,602,1641,False,en
676470639084101634,5224,12616,False,en
676440007570247681,748,1863,False,en
676430933382295552,385,1526,False,en
676263575653122048,609,2243,False,en
676237365392908289,331,1335,False,en
676219687039057920,31989,67100,False,en
676215927814406144,661,1881,False,en
676191832485810177,1145,2478,False,en
676146341966438401,744,2077,False,en
676121918416756736,1297,2335,False,en
676101918813499392,1284,3042,False,en
676098748976615425,1623,3279,False,en
676089483918516224,483,1431,False,en
675898130735476737,653,1774,False,en
675891555769696257,976,2297,False,en
675888385639251968,1067,2581,False,en
675878199931371520,1570,4531,False,en
675870721063669760,632,1783,False,en
675853064436391936,1460,2927,False,en
675849018447167488,172,1027,False,en
675845657354215424,1000,2477,False,en
675822767435051008,591,1652,False,en
675820929667219457,260,1140,False,en
675798442703122432,3787,11101,False,en
675781562965868544,537,1750,False,en
675740360753160193,388,1257,False,en
675710890956750848,928,2046,False,en
675707330206547968,771,2154,False,en
675706639471788032,106,693,False,en
675534494439489536,470,1953,False,en
675531475945709568,428,1276,False,en
675522403582218240,316,1122,False,en
675517828909424640,507,1414,False,en
675501075957489664,6485,18482,False,en
675497103322386432,1443,3397,False,en
675489971617296384,672,1406,False,en
675483430902214656,1081,1985,False,en
675432746517426176,627,1623,False,en
675372240448454658,563,1838,False,en
675362609739206656,262,1136,False,en
675354435921575936,18963,35178,False,en
675349384339542016,2532,4237,False,en
675334060156301312,1436,3007,False,en
675166823650848770,1795,3920,False,en
675153376133427200,2734,6072,False,en
675149409102012420,1878,4037,False,en
675147105808306176,273,1026,False,en
675146535592706048,349,1300,False,en
675145476954566656,1011,2305,False,en
675135153782571009,542,1398,False,en
675113801096802304,877,2120,False,en
675111688094527488,283,1042,False,en
675109292475830276,1259,3006,False,en
675047298674663426,366,1141,False,en
675015141583413248,1335,2918,False,en
675006312288268288,252,1057,False,en
675003128568291329,517,1672,False,en
674999807681908736,1232,2433,False,en
674805413498527744,391,934,False,en
674800520222154752,949,3240,False,en
674793399141146624,1225,2697,False,en
674790488185167872,278,1180,False,nl
674788554665512960,230,871,False,en
674781762103414784,1335,2169,False,en
674774481756377088,532,1213,False,en
674767892831932416,883,1981,False,en
674764817387900928,263,852,False,en
674754018082705410,488,1456,False,en
674752233200820224,516,1580,False,en
674743008475090944,607,1514,False,en
674742531037511680,55,527,False,en
674739953134403584,437,1194,False,en
674737130913071104,103,693,False,en
674690135443775488,510,1237,False,en
674670581682434048,729,1751,False,en
674664755118911488,276,994,False,en
674646392044941312,557,1533,False,en
674644256330530816,311,1111,False,en
674638615994089473,650,1806,False,en
674632714662858753,637,1617,False,en
674606911342424069,115,1013,False,en
674468880899788800,2275,6676,False,en
674447403907457024,393,1137,False,en
674436901579923456,426,1198,False,en
674422304705744896,592,1536,False,en
674416750885273600,157,731,False,en
674410619106390016,515,1289,False,en
674394782723014656,635,1607,False,en
674372068062928900,346,931,False,en
674330906434379776,83,602,False,und
674318007229923329,570,1516,False,en
674307341513269249,7641,12129,False,en
674291837063053312,6533,15817,False,en
674271431610523648,800,1682,False,en
674269164442398721,255,961,False,en
674265582246694913,936,1766,False,en
674262580978937856,498,1391,False,en
674255168825880576,619,1581,False,en
674082852460433408,186,804,False,en
674075285688614912,316,1047,False,en
674063288070742018,2450,6769,False,en
674053186244734976,1441,3576,False,en
674051556661161984,530,1564,False,en
674045139690631169,710,1520,False,en
674042553264685056,142,772,False,en
674038233588723717,456,1176,False,en
674036086168010753,240,906,False,en
674024893172875264,1360,1914,False,en
674019345211760640,340,1208,False,en
674014384960745472,714,1676,False,en
674008982932058114,393,1297,False,en
673956914389192708,1069,2091,False,en
673919437611909120,401,1251,False,en
673906403526995968,1799,3406,False,en
673887867907739649,274,994,False,en
673716320723169284,843,3289,False,en
673715861853720576,2303,3815,False,en
673711475735838725,325,1114,False,en
673709992831262724,306,908,False,en
673708611235921920,315,1153,False,en
673707060090052608,434,1177,False,en
673705679337693185,439,1337,False,en
673700254269775872,638,1532,False,en
673697980713705472,2165,4067,False,en
673689733134946305,700,1855,False,en
673688752737402881,534,1325,False,en
673686845050527744,479,1544,False,en
673680198160809984,521,1460,False,en
673662677122719744,397,1339,False,en
673656262056419329,265,769,False,en
673636718965334016,404,1194,False,en
673612854080196609,802,1691,False,en
673583129559498752,403,1273,False,en
673580926094458881,297,882,False,en
673576835670777856,613,1482,False,en
673363615379013632,338,1088,False,en
673359818736984064,728,1558,False,en
673355879178194945,652,1606,False,en
673352124999274496,597,1761,False,en
673350198937153538,229,784,False,en
673345638550134785,1422,2700,False,en
673343217010679808,289,1038,False,en
673342308415348736,649,1362,False,en
673320132811366400,8705,14441,False,en
673317986296586240,293,924,False,en
673295268553605120,3484,8046,False,en
673270968295534593,400,1134,False,en
673240798075449344,798,1510,False,en
673213039743795200,929,2410,False,en
673148804208660480,688,1822,False,en
672997845381865473,786,2092,False,en
672995267319328768,328,1001,False,en
672988786805112832,314,1039,False,en
672984142909456390,593,1338,False,en
672980819271634944,1079,1930,False,en
672975131468300288,1015,1813,False,en
672970152493887488,391,1019,False,en
672968025906282496,602,1405,False,en
672964561327235073,701,1530,False,en
672902681409806336,550,1452,False,en
672898206762672129,459,944,False,en
672884426393653248,897,1661,False,en
672877615439593473,405,1096,False,en
672834301050937345,623,1398,False,en
672828477930868736,533,1343,False,en
672640509974827008,348,1032,False,en
672622327801233409,542,1377,False,en
672614745925664768,644,1302,False,en
672609152938721280,424,1180,False,en
672604026190569472,445,1188,False,en
672594978741354496,661,1411,False,en
672591762242805761,367,1014,False,en
672591271085670400,207,782,False,en
672538107540070400,404,1089,False,en
672523490734551040,189,696,False,en
672488522314567680,482,1187,False,en
672482722825261057,665,1221,False,en
672481316919734272,137,757,False,en
672475084225949696,770,1529,False,en
672466075045466113,598,1447,False,en
672272411274932228,3677,6888,False,en
672267570918129665,666,1588,False,en
672264251789176834,383,1212,False,en
672256522047614977,1699,2999,False,en
672254177670729728,800,1515,False,en
672248013293752320,656,1833,False,en
672245253877968896,169,733,False,en
672239279297454080,347,953,False,en
672231046314901505,1089,1956,False,en
672222792075620352,231,833,False,en
672205392827572224,1270,2414,False,en
672169685991993344,408,1074,False,en
672160042234327040,395,918,False,en
672139350159835138,792,1876,False,en
672125275208069120,1253,2578,False,en
672095186491711488,395,1063,False,en
672082170312290304,402,1003,False,en
672068090318987265,564,1389,False,en
671896809300709376,4519,9016,False,en
671891728106971137,618,1415,False,en
671882082306625538,1488,3693,False,en
671879137494245376,748,1507,False,en
671874878652489728,601,1330,False,en
671866342182637568,548,1191,False,en
671855973984772097,502,977,False,en
671789708968640512,3811,7527,False,en
671768281401958400,572,1269,False,en
671763349865160704,999,1788,False,en
671744970634719232,841,1430,False,en
671743150407421952,248,779,False,en
671735591348891648,819,1534,False,en
671729906628341761,4795,9119,False,en
671561002136281088,7931,13679,False,en
671550332464455680,229,967,False,en
671547767500775424,658,1444,False,en
671544874165002241,1145,2126,False,en
671542985629241344,616,1166,False,en
671538301157904385,436,993,False,en
671536543010570240,441,1253,False,en
671533943490011136,631,1092,False,en
671528761649688577,280,896,False,en
671520732782923777,582,1499,False,en
671518598289059840,319,1010,False,en
671511350426865664,791,1734,False,en
671504605491109889,3866,7495,False,en
671497587707535361,481,980,False,en
671488513339211776,516,1073,False,en
671486386088865792,226,621,False,en
671485057807351808,253,806,False,en
671390180817915904,805,1513,False,en
671362598324076544,325,1193,False,en
671357843010908160,157,426,False,en
671355857343524864,119,508,False,en
671347597085433856,476,1031,False,en
671186162933985280,241,788,False,en
671182547775299584,378,1193,False,en
671166507850801152,390,931,False,en
671163268581498880,1198,1763,False,en
671159727754231808,89,401,False,en
671154572044468225,241,769,False,en
671151324042559489,166,714,False,en
671147085991960577,254,713,False,en
671141549288370177,713,1246,False,en
671138694582165504,448,996,False,en
671134062904504320,212,796,False,en
671122204919246848,2763,3729,False,en
671115716440031232,842,1436,False,en
671109016219725825,478,1225,False,en
670995969505435648,317,1175,False,en
670842764863651840,4324,7989,False,en
670840546554966016,213,634,False,en
670838202509447168,758,1189,False,en
670833812859932673,135,474,False,en
670832455012716544,242,780,False,en
670826280409919488,4485,5961,False,en
670823764196741120,205,824,False,en
670822709593571328,105,647,False,en
670815497391357952,1708,3410,False,en
670811965569282048,295,1202,False,en
670807719151067136,546,1234,False,en
670804601705242624,1035,2098,False,en
670803562457407488,95,362,False,en
670797304698376195,262,780,False,en
670792680469889025,298,889,False,en
670789397210615808,255,700,False,en
670786190031921152,218,640,False,en
670783437142401025,431,872,False,en
670782429121134593,863,1691,False,en
670780561024270336,317,831,False,en
670778058496974848,77,345,False,en
670764103623966721,466,1154,False,en
670755717859713024,123,475,False,en
670733412878163972,558,1030,False,en
670727704916926465,403,887,False,en
670717338665226240,547,1301,False,en
670704688707301377,405,814,False,en
670691627984359425,266,632,False,en
670679630144274432,315,799,False,en
670676092097810432,45,267,False,en
670668383499735048,5537,11452,False,en
670474236058800128,835,1635,False,en
670468609693655041,90,375,False,en
670465786746662913,608,1048,False,en
670452855871037440,225,580,False,en
670449342516494336,729,1264,False,en
670444955656130560,2153,7120,False,en
670442337873600512,213,690,False,en
670435821946826752,570,1127,False,en
670434127938719744,708,1501,False,en
670433248821026816,122,345,False,en
670428280563085312,694,1484,False,en
670427002554466305,179,551,False,en
670421925039075328,709,1415,False,en
670420569653809152,342,668,False,en
670417414769758208,350,604,False,en
670411370698022913,991,2176,False,en
670408998013820928,249,600,False,en
670403879788544000,173,460,False,en
670385711116361728,234,593,False,en
670374371102445568,295,785,False,en
670361874861563904,71,344,False,en
670338931251150849,122,451,False,en
670319130621435904,1359,4110,False,en
670303360680108032,151,452,False,en
670290420111441920,315,750,False,en
670093938074779648,365,1106,False,en
670086499208155136,275,740,False,en
670079681849372674,1373,2390,False,en
670073503555706880,874,1674,False,en
670069087419133954,278,676,False,en
670061506722140161,373,822,False,en
670055038660800512,357,716,False,en
670046952931721218,191,684,False,en
670040295598354432,118,801,False,en
670037189829525505,306,625,False,en
670003130994700288,100,352,False,en
669993076832759809,92,344,False,en
669972011175813120,175,471,False,en
669970042633789440,65,317,False,en
669942763794931712,183,536,False,en
669926384437997569,115,400,False,en
669923323644657664,64,250,False,en
669753178989142016,431,858,False,en
669749430875258880,71,289,False,en
669684865554620416,99,551,False,en
669683899023405056,119,412,False,en
669682095984410625,146,375,False,en
669680153564442624,311,712,False,en
669661792646373376,482,860,False,en
669625907762618368,1963,3769,False,en
669603084620980224,401,1006,False,en
669597912108789760,163,550,False,en
669583744538451968,1017,1587,False,en
669573570759163904,156,467,False,en
669571471778410496,1085,1684,False,en
669567591774625800,61,248,False,en
669564461267722241,133,413,False,en
669393256313184256,83,383,False,en
669375718304980992,792,1425,False,en
669371483794317312,196,524,False,en
669367896104181761,172,485,False,en
669363888236994561,252,669,False,en
669359674819481600,134,390,False,en
669354382627049472,1390,2889,False,en
669353438988365824,281,687,False,en
669351434509529089,207,474,False,en
669328503091937280,452,1081,False,en
669327207240699904,127,610,False,en
669324657376567296,223,525,False,en
669216679721873412,422,958,False,en
669214165781868544,183,468,False,en
669203728096960512,522,1074,False,en
669037058363662336,336,698,False,en
669015743032369152,403,785,False,en
669006782128353280,269,610,False,en
669000397445533696,6965,22118,False,en
668994913074286592,254,468,False,en
668992363537309700,381,802,False,en
668989615043424256,356,726,False,en
668988183816871936,516,961,False,en
668986018524233728,183,578,False,en
668981893510119424,340,573,False,en
668979806671884288,382,842,False,en
668975677807423489,641,1386,False,en
668967877119254528,25,161,False,tl
668960084974809088,263,757,False,en
668955713004314625,77,300,False,en
668932921458302977,63,284,False,en
668902994700836864,107,338,False,en
668892474547511297,164,422,False,en
668872652652679168,322,566,False,en
668852170888998912,184,479,False,en
668826086256599040,150,467,False,en
668815180734689280,291,610,False,en
668779399630725120,409,749,False,en
668655139528511488,233,562,False,en
668645506898350081,588,962,False,en
668643542311546881,576,939,False,en
668641109086707712,573,1145,False,en
668636665813057536,528,1114,False,en
668633411083464705,1788,3024,False,en
668631377374486528,349,763,False,en
668627278264475648,123,341,False,en
668625577880875008,140,417,False,en
668623201287675904,851,1551,False,en
668620235289837568,45,211,False,en
668614819948453888,341,654,False,en
668587383441514497,1174,1760,False,en
668567822092664832,62,265,False,en
668544745690562560,250,561,False,en
668542336805281792,231,497,False,en
668537837512433665,79,265,False,en
668528771708952576,242,496,False,en
668507509523615744,116,345,False,en
668496999348633600,146,436,False,en
668484198282485761,253,453,False,en
668480044826800133,162,491,False,en
668466899341221888,560,936,False,en
668297328638447616,319,656,False,en
668291999406125056,34,264,False,en
668286279830867968,149,535,False,en
668274247790391296,248,886,False,en
668268907921326080,261,592,False,en
668256321989451776,667,1385,False,en
668248472370458624,523,1056,False,en
668237644992782336,3100,6614,False,en
668226093875376128,115,323,False,en
668221241640230912,215,537,False,en
668204964695683073,206,586,False,en
668190681446379520,210,696,False,en
668171859951755264,208,525,False,en
668154635664932864,336,522,False,en
668142349051129856,306,592,False,en
668113020489474048,265,709,False,en
667937095915278337,866,1356,False,en
667924896115245057,119,318,False,en
667915453470232577,59,222,False,en
667911425562669056,329,523,False,en
667902449697558528,396,905,False,en
667886921285246976,1180,2011,False,en
667885044254572545,530,868,False,en
667878741721415682,127,409,False,en
667873844930215936,440,667,False,en
667866724293877760,1110,3172,False,en
667861340749471744,86,253,False,en
667832474953625600,68,303,False,en
667806454573760512,535,1111,False,en
667801013445750784,101,346,False,en
667793409583771648,358,736,False,en
667782464991965184,261,434,False,en
667773195014021121,61,243,False,en
667766675769573376,243,476,False,en
667728196545200128,162,398,False,en
667724302356258817,341,517,False,en
667550904950915073,37,0,False,en
667550882905632768,34,0,False,ro
667549055577362432,2454,6138,False,en
667546741521195010,138,355,False,en
667544320556335104,568,917,False,en
667538891197542400,72,220,False,en
667534815156183040,576,866,False,en
667530908589760512,264,501,False,en
667524857454854144,1198,1798,False,en
667517642048163840,203,389,False,en
667509364010450944,2272,7148,False,en
667502640335572993,231,563,False,en
667495797102141441,294,565,False,en
667491009379606528,242,559,False,en
667470559035432960,102,273,False,en
667455448082227200,66,203,False,en
667453023279554560,96,327,False,en
667443425659232256,620,833,False,en
667437278097252352,257,483,False,en
667435689202614272,89,326,False,nl
667405339315146752,234,489,False,en
667393430834667520,60,211,False,en
667369227918143488,173,385,False,en
667211855547486208,258,516,False,en
667200525029539841,282,658,False,en
667192066997374976,115,414,False,et
667188689915760640,449,784,False,en
667182792070062081,6618,15075,False,en
667177989038297088,58,200,False,en
667176164155375616,484,640,False,en
667174963120574464,88,262,False,en
667171260800061440,97,235,False,en
667165590075940865,1241,2819,False,en
667160273090932737,66,268,False,en
667152164079423490,18285,49720,False,en
667138269671505920,2387,4851,False,en
667119796878725120,135,346,False,en
667090893657276420,132,349,False,en
667073648344346624,134,425,False,en
667070482143944705,14,88,False,en
667065535570550784,51,175,False,en
667062181243039745,57,227,False,en
667044094246576128,54,198,False,en
667012601033924608,237,471,False,en
666996132027977728,102,258,False,en
666983947667116034,1040,2679,False,en
666837028449972224,584,857,False,en
666835007768551424,83,222,False,en
666826780179869698,105,266,False,en
666817836334096384,267,540,False,en
666804364988780544,95,250,False,en
666786068205871104,521,800,False,en
666781792255496192,211,404,False,en
666776908487630848,186,368,False,en
666739327293083650,71,244,False,en
666701168228331520,234,449,False,en
666691418707132416,51,196,False,en
666649482315059201,608,923,False,en
666644823164719104,88,238,False,en
666454714377183233,223,545,False,en
666447344410484738,23,107,False,en
666437273139982337,52,131,False,en
666435652385423360,54,170,False,en
666430724426358785,204,330,False,en
666428276349472768,90,171,False,en
666421158376562688,118,327,False,en
666418789513326592,48,129,False,en
666411507551481857,339,459,False,en
666407126856765440,44,113,False,en
666396247373291520,92,172,False,en
666373753744588802,100,194,False,en
666362758909284353,595,804,False,en
666353288456101888,77,229,False,en
666345417576210432,146,307,False,en
666337882303524864,96,204,False,en
666293911632134144,368,522,False,en
666287406224695296,71,152,False,en
666273097616637952,82,184,False,en
666268910803644416,37,108,False,en
666104133288665088,6871,14765,False,en
666102155909144576,16,81,False,en
666099513787052032,73,164,False,en
666094000022159362,79,169,False,en
666082916733198337,47,121,False,en
666073100786774016,174,335,False,en
666071193221509120,67,154,False,en
666063827256086533,232,496,False,en
666058600524156928,61,115,False,en
666057090499244032,146,304,False,en
666055525042405380,261,448,False,en
666051853826850816,879,1253,False,en
666050758794694657,60,136,False,en
666049248165822465,41,111,False,en
666044226329800704,147,311,False,en
666033412701032449,47,128,False,en
666029285002620928,48,132,False,en
666020888022790149,532,2535,False,en
